,Ticker,Date,Time,Headline
0,TCS,May-03-22,04:05PM,"The Container Store Group, Inc. Announces Fourth Quarter and Full Fiscal 2021 Earnings Conference Call"
1,TCS,Apr-12-22,12:12PM,"The Container Store Group, Inc.'s (NYSE:TCS) Stock Has Been Sliding But Fundamentals Look Strong: Is The Market Wrong?"
2,TCS,Apr-11-22,08:18AM,Tata Consultancy Earnings Trail Estimates After Labor Crunch Boosts Costs
3,TCS,Apr-05-22,02:45AM,Payments Canada Partners with TCS to Evolve Payments with RTR
4,TCS,Mar-31-22,08:30AM,The Container Store Introduces New Loyalty Program
5,TCS,Mar-29-22,05:37PM,FAX Capital Corp. Reports Fourth Quarter and 2021 Results
6,TCS,Mar-28-22,08:00AM,Tecsys Takes Store Fulfillment to the Next Level with Omnichannel Store-as-Warehouse Functionality
7,TCS,Mar-28-22,08:00AM,Automation Takes Center Stage in Tecsys' New Omni WMS for Digital Commerce
8,TCS,Mar-28-22,08:00AM,Automation Takes Center Stage in Tecsys' New Omni WMS for Digital Commerce
9,TCS,Mar-15-22,10:00AM,3 Growing Retailers Trading for Less Than 10 Times Earnings
10,TCS,Mar-10-22,05:11AM,"Is It Too Late To Consider Buying The Container Store Group, Inc. (NYSE:TCS)?"
11,TCS,Feb-23-22,08:00AM,"The Container Store Group, Inc. Announces Participation in the UBS Global Consumer and Retail Conference"
12,TCS,Feb-22-22,08:00AM,"Welcome to The Organization: The Container Store Launches New Logo, Brand Campaign, Welcome Offer"
13,TCS,Feb-18-22,04:23PM,"Container Store, Inc. (The) -- Moody's announces completion of a periodic review of ratings of Container Store, Inc. (The)"
14,TCS,Feb-12-22,08:01AM,"Satish Malhotra Is The CEO, President & Director of The Container Store Group, Inc. (NYSE:TCS) And They Just Picked Up 15% More Shares"
15,TCS,Feb-10-22,02:40PM,"Container Store CEO talks earnings, e-commerce investment, and employee equity"
16,TCS,Feb-09-22,01:00PM,The Container Store Stock Tanked Today -- Is It Worth Buying?
17,TCS,Feb-09-22,10:44AM,Why The Container Store Stock Plunged 24% at the Open Today
18,TCS,Feb-08-22,06:54PM,The Container Store stock plunges 20% after earnings
19,TCS,Feb-08-22,04:05PM,"The Container Store Group, Inc. Announces Third Quarter Fiscal 2021 Financial Results"
20,TCS,Feb-07-22,08:38PM,"Lokken Investment Group LLC Buys First Trust NASDAQ CEA Cybersecurity ETF, FedEx Corp, ..."
21,TCS,Feb-04-22,11:27AM,I Ran A Stock Scan For Earnings Growth And Container Store Group (NYSE:TCS) Passed With Ease
22,TCS,Feb-01-22,05:38PM,"Rutabaga Capital Management Llc Buys Motorcar Parts of America Inc, Foraco International SA, ..."
23,TCS,Jan-28-22,06:31AM,5 Stocks With Impressive EV-to-EBITDA Ratios to Scoop Up
24,TCS,Jan-27-22,05:38PM,"Bessemer Group Inc Buys NVIDIA Corp, Intuit Inc, Northrop Grumman Corp, Sells PayPal Holdings ..."
25,TCS,Jan-25-22,04:05PM,"The Container Store Group, Inc. Announces Third Quarter Fiscal 2021 Earnings Conference Call"
26,TCS,Jan-25-22,03:01PM,Earnings Preview: Container Store Group (TCS) Q3 Earnings Expected to Decline
27,TCS,Jan-12-22,09:40AM,Are These Consumer Discretionary Stocks Undervalued Right Now?
28,TCS,Jan-10-22,01:58PM,"What Kind Of Shareholders Hold The Majority In The Container Store Group, Inc.'s (NYSE:TCS) Shares?"
29,TCS,Jan-07-22,09:22AM,Why The Container Store Stock Jumped as Much as 16% This Week
30,TCS,Jan-07-22,08:50AM,"Despite Fast-paced Momentum, Container Store (TCS) Is Still a Bargain Stock"
31,TCS,Jan-03-22,02:31PM,The Container Store acquires Chicago-based home storage company
32,TCS,Jan-03-22,11:57AM,Why The Container Store Stock Jumped 11.5% in Morning Trading
33,TCS,Jan-03-22,09:40AM,Are These Consumer Discretionary Stocks a Great Value Stocks Right Now?
34,TCS,Jan-03-22,08:19AM,5 Value Stocks With Alluring EV-to-EBITDA Ratios to Own Now
35,TCS,Jan-03-22,08:00AM,The Container Store Expands Its Custom Closet Offering With the Acquisition of Closet Works
36,TCS,Dec-27-21,09:40AM,Are These Consumer Discretionary Stocks Undervalued Right Now?
37,TCS,Dec-26-21,03:38AM,"Aberdeen Emerging Markets Equity Income Fund, Inc. ..."
38,TCS,Dec-25-21,01:38PM,"Usgi Emerging Europe Fund Buys PJSC Lukoil, Rosneft Oil Co, Mining and Metallurgical Company ..."
39,TCS,Dec-23-21,09:40AM,Is Sonos (SONO) Outperforming Other Consumer Discretionary Stocks This Year?
40,TCS,Dec-23-21,09:15AM,"The Container Store Group, Inc. Announces Changes to Board of Directors"
41,TCS,Dec-16-21,11:22AM,The Return Trends At Container Store Group (NYSE:TCS) Look Promising
42,TCS,Dec-15-21,08:38AM,"Templeton Developing Markets Trust Buys Tata Consultancy Services, Prosus NV, China Merchants ..."
43,TCS,Dec-01-21,08:00AM,The Container Store Welcomes New Vendors and Products
44,TCS,Nov-30-21,09:22AM,North Texas companies are raising their minimum pay to attract workers
45,TCS,Nov-25-21,09:16AM,Investing in Container Store Group (NYSE:TCS) three years ago would have delivered you a 122% gain
46,TCS,Nov-10-21,08:00AM,"The Container Store Joins Nearly 2,000 CEOs Committing to Advance Diversity and Inclusion in the Workplace"
47,TCS,Nov-09-21,03:12AM,The Container Store Has Bottomed but There Is No Rush to Buy
48,TCS,Nov-06-21,08:08AM,10 Cheap Stocks to Buy According to Louis Navelliers Hedge Fund
49,TCS,Nov-05-21,03:35PM,"As The Container Store Group, Inc.'s (NYSE:TCS) market cap increased US$137m, insiders who bought last year may be reflecting on buying more"
50,TCS,Nov-04-21,12:00PM,The Container Store Announces New Partnership with Cassandra Aarssen Founder of ClutterBug
51,TCS,Nov-03-21,01:42PM,Why The Container Store Stock Rallied 25% in Early Trading Today
52,TCS,Nov-02-21,06:25PM,Container Store Group (TCS) Tops Q2 Earnings and Revenue Estimates
53,TCS,Nov-02-21,05:29PM,Container Store stock up 7% after record sales for retailer
54,TCS,Nov-02-21,04:05PM,"The Container Store Group, Inc. Announces Second Quarter Fiscal 2021 Financial Results"
55,TCS,Oct-25-21,03:26PM,Hedge Funds Are Crazy About Container Store Group Inc (TCS)
56,TCS,Oct-19-21,04:05PM,"The Container Store Group, Inc. Announces Second Quarter Fiscal 2021 Earnings Conference Call"
57,TCS,Oct-18-21,02:45PM,The Container Store raises company minimum wage to $15
58,TCS,Oct-12-21,03:00PM,Earnings Preview: Container Store Group (TCS) Q2 Earnings Expected to Decline
59,TCS,Oct-12-21,12:01PM,"Could The Market Be Wrong About The Container Store Group, Inc. (NYSE:TCS) Given Its Attractive Financial Prospects?"
60,TCS,Sep-30-21,06:19PM,Why The Container Store Stock Got Crushed Today
61,TCS,Sep-21-21,08:05AM,The Container Store Joins U.S. EPA Green Power Partnership
62,TCS,Sep-13-21,01:37PM,"When Should You Buy The Container Store Group, Inc. (NYSE:TCS)?"
63,TCS,Sep-02-21,04:05PM,"The Container Store Group, Inc. Announces Participation in Goldman Sachs 28th Annual Global Retailing Conference"
64,TCS,Aug-19-21,02:00PM,Why These Top Retail Stocks Plunged This Week
65,TCS,Aug-17-21,03:27PM,"The Container Store Group, Inc. (NYSE:TCS) Shares Could Be 25% Below Their Intrinsic Value Estimate"
66,TCS,Aug-12-21,05:11PM,5 Companies with Triple-Digit Surprises and Strong Estimate Revisions Trends
67,TCS,Aug-12-21,08:50AM,Fast-paced Momentum Stock Container Store (TCS) Is Still Trading at a Bargain
68,TCS,Aug-10-21,05:35PM,"Top Stock Picks for Week of August 9, 2021"
69,TCS,Aug-03-21,05:45PM,Container Store Group (TCS) Q1 Earnings and Revenues Beat Estimates
70,TCS,Aug-03-21,04:05PM,"The Container Store Group, Inc. Announces First Quarter Fiscal 2021 Financial Results"
71,TCS,Jul-26-21,07:50PM,Were Hedge Funds Right About Selling Container Store Group Inc (TCS)?
72,TCS,Jul-20-21,04:00PM,"Bed Bath & Beyond CEO unveils revamped nearly 100,000-square-foot NYC flagship store"
73,TCS,Jul-20-21,03:02PM,Container Store Group (TCS) Earnings Expected to Grow: What to Know Ahead of Q1 Release
74,TCS,Jul-20-21,08:53AM,"Could The The Container Store Group, Inc. (NYSE:TCS) Ownership Structure Tell Us Something Useful?"
75,TCS,Jul-20-21,07:00AM,"The Container Store Group, Inc. Announces First Quarter Fiscal 2021 Earnings Conference Call"
76,TCS,Jun-21-21,09:44AM,Container Store Group (NYSE:TCS) Is Doing The Right Things To Multiply Its Share Price
77,TCS,Jun-09-21,07:00AM,"The Container Store Group, Inc. Announces Participation in Oppenheimer 21st Annual Consumer Growth and E-Commerce Conference Virtual Event"
78,TCS,Jun-07-21,02:00PM,"The Container Store Group, Inc. Nominates Two New Class II Directors"
79,TCS,Jun-02-21,09:00AM,The Container Store Announces Key New Hires
80,TCS,May-24-21,11:05AM,Weekly CEO Buys Highlight
81,TCS,May-24-21,09:14AM,Is Now The Time To Put Container Store Group (NYSE:TCS) On Your Watchlist?
82,TCS,May-21-21,03:37PM,Why Shares of The Container Store Group Jumped Today
83,TCS,May-19-21,12:11PM,Why The Container Store Is Tumbling 10.5% Today
84,TCS,May-18-21,04:05PM,"The Container Store Group, Inc. Announces Fourth Quarter and Full Fiscal 2020 Financial Results"
85,TCS,May-18-21,02:45PM,"The Container Store Group, Inc. to Host Earnings Call"
86,TCS,May-17-21,08:00AM,The Container Store and Afterpay Partner to Deliver Flexible Payments
87,TCS,May-11-21,09:00AM,The Container Store and Narvar Partner to Transform the Post-purchase Ecommerce Experience for Customers
88,TCS,May-06-21,09:00AM,Instacart and The Container Store Partner to Launch Same-day Delivery Nationwide
89,TCS,May-04-21,07:00AM,"The Container Store Group, Inc. Announces Fourth Quarter and Full Year Fiscal 2020 Earnings Conference Call"
90,TCS,Apr-27-21,06:51AM,Imagine Holding Container Store Group (NYSE:TCS) Shares While The Price Zoomed 583% Higher
91,TCS,Apr-09-21,01:12PM,"Container Store, Inc. (The) -- Moody's announces completion of a periodic review of ratings of Container Store, Inc. (The)"
92,TCS,Mar-25-21,06:48AM,"Are Strong Financial Prospects The Force That Is Driving The Momentum In The Container Store Group, Inc.'s NYSE:TCS) Stock?"
93,TCS,Feb-19-21,08:08PM,"Bausch Health, Qualtrics See Activist Action"
94,TCS,Feb-18-21,02:49PM,"More Retail Earnings, More Blaming Shipping Costs For Miss"
95,TCS,Feb-17-21,08:51AM,"Should You Think About Buying The Container Store Group, Inc. (NYSE:TCS) Now?"
96,TCS,Feb-08-21,06:55AM,Container Store's stock pulls back from more than 5-year high after largest shareholder trims stake
97,TCS,Feb-08-21,06:37AM,"The Container Store Group, Inc. Announces Secondary Offering of Common Stock by Selling Stockholders"
98,TCS,Feb-03-21,11:02AM,Why The Container Store Stock Rallied 16% at the Open Today
99,TCS,Feb-03-21,10:24AM,Price Over Earnings Overview: Container Store Group
